{
    "names":["White Sox", "Padres", "Dodgers", "Braves", "Mets", "Giants", "Yankees", "Athletics",
        "Rays",
        "Twins",
        "Angels",
        "Cubs",
        "Cardinals",
        "Red Sox",
        "Royals",
        "Phillies",
        "Indians",
        "Blue Jays",
        "Astros",
        "Tigers",
        "Mariners",
        "Diamondbacks",
        "Reds",
        "Brewers",
        "Orioles",
        "Marlins",
        "Nationals",
        "Rockies",
        "Pirates",
        "Rangers"],
    "metadata":[
    {
      "FIELD1": 0,
      "Team": "White Sox",
      "rs_r": 298.5205587,
      "ra_r": 261.0894221,
      "winpct": 0.560988745
    },
    {
      "FIELD1": 1,
      "Team": "Padres",
      "rs_r": 317.4803193,
      "ra_r": 233.7479583,
      "winpct": 0.636520907
    },
    {
      "FIELD1": 2,
      "Team": "Dodgers",
      "rs_r": 335.2098102,
      "ra_r": 201.2459936,
      "winpct": 0.717829056
    },
    {
      "FIELD1": 3,
      "Team": "Braves",
      "rs_r": 344.7608853,
      "ra_r": 284.5721776,
      "winpct": 0.586887072
    },
    {
      "FIELD1": 4,
      "Team": "Mets",
      "rs_r": 323.8505495,
      "ra_r": 297.953871,
      "winpct": 0.538055892
    },
    {
      "FIELD1": 5,
      "Team": "Giants",
      "rs_r": 306.386764,
      "ra_r": 277.4575059,
      "winpct": 0.545250901
    },
    {
      "FIELD1": 6,
      "Team": "Yankees",
      "rs_r": 321.9173081,
      "ra_r": 259.9775501,
      "winpct": 0.59654024
    },
    {
      "FIELD1": 7,
      "Team": "Athletics",
      "rs_r": 275.2872493,
      "ra_r": 244.8859945,
      "winpct": 0.55333404
    },
    {
      "FIELD1": 8,
      "Team": "Rays",
      "rs_r": 296.4838851,
      "ra_r": 239.0627112,
      "winpct": 0.597230461
    },
    {
      "FIELD1": 9,
      "Team": "Twins",
      "rs_r": 277.6759759,
      "ra_r": 230.7615679,
      "winpct": 0.583869327
    },
    {
      "FIELD1": 10,
      "Team": "Angels",
      "rs_r": 296.8593315,
      "ra_r": 277.6768485,
      "winpct": 0.530523169
    },
    {
      "FIELD1": 11,
      "Team": "Cubs",
      "rs_r": 267.2772025,
      "ra_r": 247.9570903,
      "winpct": 0.534272682
    },
    {
      "FIELD1": 12,
      "Team": "Cardinals",
      "rs_r": 254.4849897,
      "ra_r": 263.1134381,
      "winpct": 0.484750122
    },
    {
      "FIELD1": 13,
      "Team": "Red Sox",
      "rs_r": 295.8969303,
      "ra_r": 359.4923014,
      "winpct": 0.41186345
    },
    {
      "FIELD1": 14,
      "Team": "Royals",
      "rs_r": 251.6278425,
      "ra_r": 289.6426219,
      "winpct": 0.435984545
    },
    {
      "FIELD1": 15,
      "Team": "Phillies",
      "rs_r": 311.6433776,
      "ra_r": 308.2594156,
      "winpct": 0.504994739
    },
    {
      "FIELD1": 16,
      "Team": "Indians",
      "rs_r": 250.5722507,
      "ra_r": 204.3173879,
      "winpct": 0.592293089
    },
    {
      "FIELD1": 17,
      "Team": "Blue Jays",
      "rs_r": 291.6838545,
      "ra_r": 315.4885132,
      "winpct": 0.464169847
    },
    {
      "FIELD1": 18,
      "Team": "Astros",
      "rs_r": 260.4924634,
      "ra_r": 272.0131685,
      "winpct": 0.480211321
    },
    {
      "FIELD1": 19,
      "Team": "Tigers",
      "rs_r": 241.1137992,
      "ra_r": 324.2830283,
      "winpct": 0.367648935
    },
    {
      "FIELD1": 20,
      "Team": "Mariners",
      "rs_r": 240.599224,
      "ra_r": 305.1080705,
      "winpct": 0.393007857
    },
    {
      "FIELD1": 21,
      "Team": "Diamondbacks",
      "rs_r": 248.7121361,
      "ra_r": 318.3102474,
      "winpct": 0.389000242
    },
    {
      "FIELD1": 22,
      "Team": "Reds",
      "rs_r": 274.2063501,
      "ra_r": 238.1553216,
      "winpct": 0.564132996
    },
    {
      "FIELD1": 23,
      "Team": "Brewers",
      "rs_r": 260.7952811,
      "ra_r": 235.7024276,
      "winpct": 0.546151532
    },
    {
      "FIELD1": 24,
      "Team": "Orioles",
      "rs_r": 277.0832432,
      "ra_r": 281.1717694,
      "winpct": 0.49329904
    },
    {
      "FIELD1": 25,
      "Team": "Marlins",
      "rs_r": 253.4145124,
      "ra_r": 323.7596376,
      "winpct": 0.389764089
    },
    {
      "FIELD1": 26,
      "Team": "Nationals",
      "rs_r": 295.6150251,
      "ra_r": 336.7225587,
      "winpct": 0.440713123
    },
    {
      "FIELD1": 27,
      "Team": "Rockies",
      "rs_r": 248.7935217,
      "ra_r": 335.5857207,
      "winpct": 0.366413279
    },
    {
      "FIELD1": 28,
      "Team": "Pirates",
      "rs_r": 202.4993161,
      "ra_r": 298.6217063,
      "winpct": 0.329411678
    },
    {
      "FIELD1": 29,
      "Team": "Rangers",
      "rs_r": 210.5745488,
      "ra_r": 305.2427079,
      "winpct": 0.336390878
    }
   ]
}